epoch,loss,val_loss
0,0.008654361590743065,0.3173483908176422
1,0.008527452126145363,0.4840846657752991
2,0.007812878116965294,0.5530270934104919
3,0.008516104891896248,0.1775001436471939
4,0.008052547462284565,0.21905304491519928
5,0.008159482851624489,0.8905985951423645
6,0.008267450146377087,0.3368021547794342
7,0.007669766433537006,0.4306904077529907
